UUID,bio,favorites,ratings,topics,keywords
402274aa-e1d4-4120-b378-5e54d3aa132d,Inquisitive traveler constantly seeking out off-the-beaten-path experiences and local delights.,"['aa5a4f51-b1e2-4467-92a7-ab50411fa969', 'a931716a-ca53-4e5b-9bc6-81cf0c39ac25', '7fea49ef-ec5d-42d9-a604-63aadc6b97fe', '803d442b-cc14-478f-b910-91650cbf025b', '16f44644-b166-4fae-8899-4b6a19243f01', 'eb947612-0bd3-4847-bf8b-30edec06be0a', '653741f8-877e-4512-ad7e-d781cc746f28', 'e828525a-8e9e-40b9-b363-503a1117a944']","['aeb82a99-82f5-4980-b639-5db0e21fafdc', 'f53d1c8e-3235-491e-ac7a-a76fcf2b341c', '4253ccf9-769b-4554-8577-876de1138d71', '65defc21-7ff1-47c1-8d41-e7f6410e8cb7', '18f7968c-175a-4d75-86e0-b0c8895c63aa', '168f0d56-5614-4e2c-be20-77b74cc50c07', 'a241aa93-1176-4e1e-a0e1-70429d48fc64', '3e7a1671-223d-4b16-99cb-3e44433747ae']",[8 7 6],['constantly']
f8a3d224-f774-4142-ab79-ff7900de6e10,Enthusiastic globetrotter seeking new adventures and cultural experiences.,"['387e39b9-db31-4708-8803-7607668b5c07', '20e73e08-d50d-4f9d-86b4-e4e2884e41e4', '1c55c1c8-3fd0-460d-bd21-3c9ab85d53de', 'aa1a221e-0917-46cd-abf1-74aa02d51971', 'f960ac22-15c4-40ae-9553-1022248b97f6', 'e737e110-bda5-4846-8c35-7e8ab3ac7858']","['c33ceb72-c4cf-4c06-a1ca-3660636b537d', 'a5479674-f3de-4dca-8fc4-ddd25354b17a', '2e70b1a5-d4ba-488d-83c3-f5a50e0d4f17', '8773bdcb-469b-4f2e-9d19-2f9be712cc1a', 'cf514309-8db7-48df-9323-06c8156044d9', 'a770ed22-ebfe-4b5c-bb2e-d51c090c8679', '9b9acc43-5785-4f33-b5fa-988f4ead4d6a', '5df4a866-a970-4161-9155-b88c5e0d7a78', '2eb44c6b-1546-425d-b976-422b6f8066f1', '7d3ba43e-bba4-40bc-ab15-ae8629b8a5e2']",[6 5 4],['globetrotter']
5a142c54-e1e3-4b07-a39b-675dd15fb5df,Dedicated traveler with a thirst for exploration and a love for discovering unique destinations.,"['ac7772b0-4e0b-40bb-9cfd-e6f47236e7e3', '90044f70-7fcc-45db-b8be-aee1243ede54', '19313fd5-752a-43fa-b016-01edfaeb295d', '46ce95f1-9a22-463b-9055-57ce7fd883ea', 'fb7cee90-3daa-4b84-b921-7ed045eca327']","['02681a94-91ec-44a1-a8dd-549dd0e3b695', '09e40172-8de7-48ce-8b08-cbcc2325a033', 'd02ef4db-9079-48e2-bd56-c954300c7469', 'c369b763-5cc9-4fd3-aff2-9302a7862b3f', 'ae995feb-bd4f-49ec-ab68-8f6bc725f1de', '9ae842d8-077d-4bcd-a6f8-bdd675e18f86']",[7 6 5],['traveler']
90db5e76-0afd-4cbd-a86d-3ec9fe2f1f7c,Dedicated traveler with a thirst for exploration and a love for discovering unique destinations.,"['29e91a37-f253-456e-8cd9-6538ec3552bf', 'f30cc6ce-828e-42b5-8cf5-6f920b4bea68', 'ff6ddc40-bfed-4cd7-b70b-a1129f4242d1', '6f4475e8-15f7-4984-962b-b617640813e9', '4c396f67-7542-49c8-bb01-074cf7c20a17', '6e5f2624-27cf-4915-b7d4-e14e3a037b93', 'fd7310ac-d708-4742-a9de-fc233a983025', '7057fb01-d40a-40d1-a07d-e3be06b06f61', '332d4233-8542-42b9-8d25-e3bd7ce19b47', '0ecd49c4-e84d-47e5-baa1-a941bf647912']","['8167424b-330e-4884-a7bc-fc9d796068e4', '73e1032e-05b0-43b0-8d3f-ae2527885417', '803d442b-cc14-478f-b910-91650cbf025b', 'db1f158d-33ad-4a65-b035-1ae05d13c2bd', 'a6bdb5ea-c736-499b-a67b-01470d132493']",[7 6 5],['traveler']
b8e30465-6a89-4426-9a4b-e458337ae700,Travel enthusiast with an insatiable desire to roam the globe and create unforgettable memories.,"['c344e0c4-0b4f-40a3-8be7-e4e5b210605e', '3a1f7a97-514d-49c2-80ef-cf9c0eedf434', 'a75a3256-a875-447c-91d1-4821e73fa60d', '8b197fba-6105-4532-8e9e-ca6e89e8ecfc', '6e87b32f-37ad-40d3-9ee3-5b3a477f17e5', '1b1fb167-89fd-4626-abf5-d2621ece101b', 'd799ffa9-a353-4842-9161-64da9c6d17cf', 'd65e5d4b-85e4-4ecd-a74c-c969881d8b9c', '8a887e51-9dc9-4147-bd01-d6c7bc85fb1c']","['e9a71a35-bb9f-44a6-b4a0-719d7a4e4bcb', '96998be6-1893-4181-acd8-391cb9a2a24d', '2cf18243-6b7b-4740-87f8-91c3f89dd18d', 'a1d99b43-b67c-4aae-8481-84249254917c', '2fb2761a-a0b7-45a0-849b-ce67ce75b56a']",[8 7 6],['enthusiast']
2b6cbb46-ef0f-47e3-aa33-6a5a86a6cc1e,Travel enthusiast with an insatiable desire to roam the globe and create unforgettable memories.,"['622541ed-c4fb-4d7c-9f04-74c1ed07769b', '14e3ff79-6af7-43da-ba9a-b89d6d735c6b', '2d950d31-45ff-4080-9d9a-2a66794eb2a4', '82b04138-b57f-42a8-ac0c-2707aa11717b', 'b64f7aac-8da4-4ab1-bf97-b8082249dcf7', '83d39c37-6a6d-40ca-81c8-19a48ae38911', '9e3c911c-f9fc-48da-94d6-cc0c8b046cc0', '3aee4ff1-8242-4f1a-955c-c9a5aabff25e']","['81fa28e6-7b79-4b59-a1a3-68e57bb09c6f', '9c0251ef-de1e-43ef-a69d-97e431d8294f', 'b8697329-65be-4df8-ad0a-2c0200dbb1e8', 'd1bb4e30-e1fb-4745-8136-5c86f9482238', '11ed201f-ec06-44a7-a86d-00109bda2c6e']",[8 7 6],['enthusiast']
f49c70c2-3cd7-4aa3-9ba2-e4d86252c928,Inquisitive traveler constantly seeking out off-the-beaten-path experiences and local delights.,"['c066b325-8ad1-4721-b7d7-c3fe0ec0d5e8', 'c2343dbe-82c8-4fca-baa3-93abd8998f4d', '19dd4f97-5179-4333-8482-ff52f1fd02c3', '21192f77-c98f-4028-9a77-d81dc32a4d00', '260c4e10-d31b-4676-802e-603af0918791', 'a3c29fd5-9756-4523-9d73-a53d2a67b67c', 'aa0532be-f1fb-4615-b80e-451072d69c9c', '3fa601ee-5b04-4acf-9516-4b2a4cf22798']","['6eac675b-8d42-45f0-bf68-983725f500e6', 'ad804f13-5ad4-4bb4-9b12-aff2e2e34deb', '728903d8-0a6e-4594-b478-219ccedcbd24', '0ae2373b-b29f-433a-a9d7-ce429eb9c6ed', '5ede5da0-1efa-44fe-a6c8-a073354fd16c']",[8 7 6],['constantly']
ee97e67d-3f4f-4d68-b53f-7fe43a9293b0,"Global nomad on a perpetual quest for adventure, discovery, and authentic travel experiences.","['af720cfb-b49f-4323-92b3-d30ba8da1363', '8c57ac6c-ab4b-4469-8f06-8365b223632c', '6d5f2d47-6ddc-4296-9a04-d36c5a98854f', '4914c8aa-86f5-468a-af1b-02591f411f48', '07b59582-8f14-4a6b-9781-58cc48d0c8ba', '98fa2282-5bce-40e4-a1f1-0764f6813c88', 'c144f10d-6f39-47a5-9d23-f146f4e09393', 'a55b6e71-2d14-4528-845d-3721b7f6ed4d', 'b9c1226f-739c-4fa1-b841-869d55a5e100']","['4777e80b-124f-42d6-856a-d121aec1e001', 'f103b28e-c620-4c20-9ad0-0f9cb5a4fe7a', '8d1ce447-5426-479b-898a-03ee1e36d056', '584f723d-39e0-4b6a-8438-d5e341a9874a', 'd9565260-9657-4f96-b636-4cbf32907647', 'c6c935ef-c470-4850-9a2e-9e7a5fe52f36', 'a973924b-bf92-4255-b5d0-1a5278bd9eec']",[8 7 6],['global']
0c19c82b-d68a-4ded-8e83-47a66aad1aaf,"Global nomad on a perpetual quest for adventure, discovery, and authentic travel experiences.","['322bae50-57b4-42c4-aa05-0d4053ba0c38', '927a7cb3-e3a8-4fee-abe9-ff16c84e6ac4', 'b7dd72e6-8737-4a10-9f13-1b8297c03ccc', 'e62eb1d3-e661-481c-a7c0-cea39e0d8022', 'c9ef6cfd-b532-4f6d-9740-214dd9e5e877', 'e50f6a46-be68-43f7-a8c7-0748c018efb4', '0c46c4ea-a123-4c3a-9759-6910f4ff321a', '64eb0b3b-c873-422f-ba73-7c3d57781a9c']","['6113b558-ef45-4859-89f5-b3d265604c60', 'd4bdda7f-3043-4063-a70f-c230bfb5146f', '617a5b8f-d234-4d0a-9e34-70901ee2e480', '92befc64-4568-4f83-bd63-03faa293813c', 'b8e3c1ac-6f0a-4604-9f0e-681c50972178', '4e407026-8fad-452b-8ecb-5df9a4f84453']",[8 7 6],['global']
eac15f78-8530-4403-8ac6-5ab679b6a81a,Avid traveler who loves exploring new destinations and experiencing different cultures.,"['46d8626e-a509-47a1-a8ac-86ac5972965e', '97917763-3639-48bd-b5a1-9063fc25d8a2', '555c59af-06a7-499b-8234-f2988f013344', 'c05ce3a6-de5c-447c-9fbd-b53a98faf91d', 'a6dcfa25-39c7-4342-bbd7-a3b6a839ef68', 'b44b6687-1b74-451a-9521-ca13dc46c971']","['236c2845-2560-4c70-a5af-215a0f271448', 'cd35b92f-3b68-4b9a-9d0f-7294164d3dee', '119fa2ec-bec4-4790-9778-878d24d07f53', 'd7c1b9ad-8eb2-4786-9e61-173b38bd0dea', 'f03c5b44-bacb-4a87-a442-6508bf9bf000', 'ce0a372f-5954-42dc-9489-c0a72c3d0ae1', 'f56a3ef2-7258-4465-9d0c-1321427bff26', 'b4a21557-81d8-4fff-9a84-2eb5eaf2ae41', '0fc4135c-2072-4f76-9ed0-e7b45159fec4']",[8 7 6],['avid']
